{"v":"5.5.10","fr":60,"ip":0,"op":100,"w":1000,"h":1000,"nm":"Pulsing Dot Array_Loader_MAIN","ddd":0,"assets":[{"id":"comp_0","layers":[{"ddd":0,"ind":1,"ty":4,"nm":"Stroke","sr":1,"ks":{"o":{"a":0,"k":100,"ix":11},"r":{"a":0,"k":180,"ix":10},"p":{"s":true,"x":{"a":0,"k":500,"ix":3},"y":{"a":0,"k":500,"ix":4}},"a":{"a":0,"k":[0,0,0],"ix":1},"s":{"a":0,"k":[90,90,100],"ix":6}},"ao":0,"shapes":[{"ty":"gr","it":[{"ind":0,"ty":"sh","ix":1,"ks":{"a":0,"k":{"i":[[0,0],[0,0]],"o":[[0,0],[0,0]],"v":[[-1.111,94.722],[0,272.5]],"c":false},"ix":2},"nm":"Path 1","mn":"ADBE Vector Shape - Group","hd":false},{"ty":"st","c":{"a":0,"k":[1,0.717254638672,0,1],"ix":3},"o":{"a":0,"k":100,"ix":4},"w":{"a":0,"k":86,"ix":5},"lc":2,"lj":1,"ml":4,"bm":0,"nm":"Stroke 1","mn":"ADBE Vector Graphic - Stroke","hd":false},{"ty":"tm","s":{"a":1,"k":[{"i":{"x":[0.17],"y":[1]},"o":{"x":[0.83],"y":[0]},"t":-96,"s":[0]},{"i":{"x":[0.17],"y":[1]},"o":{"x":[0.83],"y":[0]},"t":-46,"s":[99.9]},{"i":{"x":[0.17],"y":[1]},"o":{"x":[0.83],"y":[0]},"t":4,"s":[0]},{"i":{"x":[0.17],"y":[1]},"o":{"x":[0.83],"y":[0]},"t":54,"s":[100]},{"i":{"x":[0.17],"y":[1]},"o":{"x":[0.83],"y":[0]},"t":104,"s":[0]},{"i":{"x":[0.17],"y":[1]},"o":{"x":[0.83],"y":[0]},"t":154,"s":[99.9]},{"t":204,"s":[0]}],"ix":1},"e":{"a":1,"k":[{"i":{"x":[0.17],"y":[1]},"o":{"x":[0.83],"y":[0]},"t":0,"s":[0.5]},{"i":{"x":[0.17],"y":[1]},"o":{"x":[0.83],"y":[0]},"t":50,"s":[99.5]},{"i":{"x":[0.17],"y":[1]},"o":{"x":[0.83],"y":[0]},"t":100,"s":[0.5]},{"i":{"x":[0.17],"y":[1]},"o":{"x":[0.83],"y":[0]},"t":150,"s":[100]},{"t":200,"s":[0]}],"ix":2},"o":{"a":0,"k":0,"ix":3},"m":1,"ix":3,"nm":"Trim Paths 1","mn":"ADBE Vector Filter - Trim","hd":false},{"ty":"tr","p":{"a":0,"k":[1,0],"ix":2},"a":{"a":0,"k":[0,0],"ix":1},"s":{"a":0,"k":[100,100],"ix":3},"r":{"a":0,"k":0,"ix":6},"o":{"a":0,"k":100,"ix":7},"sk":{"a":0,"k":0,"ix":4},"sa":{"a":0,"k":0,"ix":5},"nm":"Transform"}],"nm":"Shape 1","np":3,"cix":2,"bm":0,"ix":1,"mn":"ADBE Vector Group","hd":false}],"ip":0,"op":435,"st":0,"bm":0},{"ddd":0,"ind":2,"ty":4,"nm":"Accent","sr":1,"ks":{"o":{"a":0,"k":100,"ix":11},"r":{"a":0,"k":180,"ix":10},"p":{"s":true,"x":{"a":0,"k":500,"ix":3},"y":{"a":0,"k":500,"ix":4}},"a":{"a":0,"k":[0,0,0],"ix":1},"s":{"a":0,"k":[90,90,100],"ix":6}},"ao":0,"shapes":[{"ty":"gr","it":[{"ind":0,"ty":"sh","ix":1,"ks":{"a":0,"k":{"i":[[0,0],[0,0]],"o":[[0,0],[0,0]],"v":[[-1.111,94.722],[0,272.5]],"c":false},"ix":2},"nm":"Path 1","mn":"ADBE Vector Shape - Group","hd":false},{"ty":"st","c":{"a":0,"k":[0,0.814034998417,0.842478573322,1],"ix":3},"o":{"a":0,"k":100,"ix":4},"w":{"a":0,"k":86,"ix":5},"lc":2,"lj":1,"ml":4,"bm":0,"nm":"Stroke 1","mn":"ADBE Vector Graphic - Stroke","hd":false},{"ty":"tm","s":{"a":1,"k":[{"i":{"x":[0.17],"y":[1]},"o":{"x":[0.83],"y":[0]},"t":-93,"s":[0]},{"i":{"x":[0.17],"y":[1]},"o":{"x":[0.83],"y":[0]},"t":-43,"s":[99.9]},{"i":{"x":[0.17],"y":[1]},"o":{"x":[0.83],"y":[0]},"t":7,"s":[0]},{"i":{"x":[0.17],"y":[1]},"o":{"x":[0.83],"y":[0]},"t":57,"s":[100]},{"i":{"x":[0.17],"y":[1]},"o":{"x":[0.83],"y":[0]},"t":107,"s":[0]},{"i":{"x":[0.17],"y":[1]},"o":{"x":[0.83],"y":[0]},"t":157,"s":[99.9]},{"t":207,"s":[0]}],"ix":1},"e":{"a":1,"k":[{"i":{"x":[0.17],"y":[1]},"o":{"x":[0.83],"y":[0]},"t":3,"s":[0.5]},{"i":{"x":[0.17],"y":[1]},"o":{"x":[0.83],"y":[0]},"t":53,"s":[99.5]},{"i":{"x":[0.17],"y":[1]},"o":{"x":[0.83],"y":[0]},"t":103,"s":[0.5]},{"i":{"x":[0.17],"y":[1]},"o":{"x":[0.83],"y":[0]},"t":153,"s":[100]},{"t":203,"s":[0]}],"ix":2},"o":{"a":0,"k":0,"ix":3},"m":1,"ix":3,"nm":"Trim Paths 1","mn":"ADBE Vector Filter - Trim","hd":false},{"ty":"tr","p":{"a":0,"k":[1,0],"ix":2},"a":{"a":0,"k":[0,0],"ix":1},"s":{"a":0,"k":[100,100],"ix":3},"r":{"a":0,"k":0,"ix":6},"o":{"a":0,"k":100,"ix":7},"sk":{"a":0,"k":0,"ix":4},"sa":{"a":0,"k":0,"ix":5},"nm":"Transform"}],"nm":"Shape 1","np":3,"cix":2,"bm":0,"ix":1,"mn":"ADBE Vector Group","hd":false}],"ip":3,"op":438,"st":3,"bm":0}]}],"layers":[{"ddd":0,"ind":1,"ty":0,"nm":"Dot_PRECOMP","refId":"comp_0","sr":1,"ks":{"o":{"a":0,"k":100,"ix":11},"r":{"a":0,"k":307.572,"ix":10},"p":{"a":0,"k":[500,500,0],"ix":2},"a":{"a":0,"k":[500,500,0],"ix":1},"s":{"a":0,"k":[100,100,100],"ix":6}},"ao":0,"w":1000,"h":1000,"ip":0,"op":104,"st":0,"bm":0},{"ddd":0,"ind":2,"ty":0,"nm":"Dot_PRECOMP","refId":"comp_0","sr":1,"ks":{"o":{"a":0,"k":100,"ix":11},"r":{"a":0,"k":256.143,"ix":10},"p":{"a":0,"k":[500,500,0],"ix":2},"a":{"a":0,"k":[500,500,0],"ix":1},"s":{"a":0,"k":[100,100,100],"ix":6}},"ao":0,"w":1000,"h":1000,"ip":-2,"op":104,"st":-2,"bm":0},{"ddd":0,"ind":3,"ty":0,"nm":"Dot_PRECOMP","refId":"comp_0","sr":1,"ks":{"o":{"a":0,"k":100,"ix":11},"r":{"a":0,"k":205.714,"ix":10},"p":{"a":0,"k":[500,500,0],"ix":2},"a":{"a":0,"k":[500,500,0],"ix":1},"s":{"a":0,"k":[100,100,100],"ix":6}},"ao":0,"w":1000,"h":1000,"ip":-4,"op":104,"st":-4,"bm":0},{"ddd":0,"ind":4,"ty":0,"nm":"Dot_PRECOMP","refId":"comp_0","sr":1,"ks":{"o":{"a":0,"k":100,"ix":11},"r":{"a":0,"k":154.286,"ix":10},"p":{"a":0,"k":[500,500,0],"ix":2},"a":{"a":0,"k":[500,500,0],"ix":1},"s":{"a":0,"k":[100,100,100],"ix":6}},"ao":0,"w":1000,"h":1000,"ip":-6,"op":104,"st":-6,"bm":0},{"ddd":0,"ind":5,"ty":0,"nm":"Dot_PRECOMP","refId":"comp_0","sr":1,"ks":{"o":{"a":0,"k":100,"ix":11},"r":{"a":0,"k":102.857,"ix":10},"p":{"a":0,"k":[500,500,0],"ix":2},"a":{"a":0,"k":[500,500,0],"ix":1},"s":{"a":0,"k":[100,100,100],"ix":6}},"ao":0,"w":1000,"h":1000,"ip":-8,"op":104,"st":-8,"bm":0},{"ddd":0,"ind":6,"ty":0,"nm":"Dot_PRECOMP","refId":"comp_0","sr":1,"ks":{"o":{"a":0,"k":100,"ix":11},"r":{"a":0,"k":51.429,"ix":10},"p":{"a":0,"k":[500,500,0],"ix":2},"a":{"a":0,"k":[500,500,0],"ix":1},"s":{"a":0,"k":[100,100,100],"ix":6}},"ao":0,"w":1000,"h":1000,"ip":-10,"op":104,"st":-10,"bm":0},{"ddd":0,"ind":7,"ty":0,"nm":"Dot_PRECOMP","refId":"comp_0","sr":1,"ks":{"o":{"a":0,"k":100,"ix":11},"r":{"a":0,"k":0,"ix":10},"p":{"a":0,"k":[500,500,0],"ix":2},"a":{"a":0,"k":[500,500,0],"ix":1},"s":{"a":0,"k":[100,100,100],"ix":6}},"ao":0,"w":1000,"h":1000,"ip":-12,"op":104,"st":-12,"bm":0}],"markers":[]}